Product Name,Product Link,Product Image,Current Price,Original Price
"Great Value Sweet Peas, 32 oz Bag (Frozen)",https://www.walmart.com/ip/Great-Value-Sweet-Peas-32-oz-Bag-Frozen/712949094,https://i5.walmartimages.com/asr/44272457-5c93-48c8-a673-749880e5667c.1dcb35c5d672df13f83ba041c3f77239.jpeg?odnHeight=180&odnWidth=180&odnBg=ffffff,2.28,
"Caulipower Cauliflower Buffalo Sauce Chicken Pizza, Frozen, 10.9 oz",https://www.walmart.com/ip/Caulipower-Cauliflower-Buffalo-Sauce-Chicken-Pizza-Frozen-10-9-oz/823075302,https://i5.walmartimages.com/asr/e1e954fc-0b96-4e3c-9837-8e1e1e204ae2.458220a1055a56f7146383b3364fe858.jpeg?odnHeight=180&odnWidth=180&odnBg=ffffff,6.98,
"Kraft Deluxe Original Mac N Cheese Macaroni and Cheese Cups Easy Microwavable Dinner, 4 ct Pack, 2.39 oz Cups",https://www.walmart.com/ip/Kraft-Deluxe-Original-Mac-N-Cheese-Macaroni-and-Cheese-Cups-Easy-Microwavable-Dinner-4-ct-Pack-2-39-oz-Cups/172414450?athbdg=L1300,https://i5.walmartimages.com/asr/a6ebf757-0e41-43f8-ac43-e0f32f2b54ca.6fa5eae63274e4f313eb550f1c36c2ed.jpeg?odnHeight=180&odnWidth=180&odnBg=ffffff,4.42,4.92
"Great Value Fully Cooked Southern Style Chicken Breast Fillet, Whole, 32 oz (Frozen)",https://www.walmart.com/ip/Great-Value-Fully-Cooked-Southern-Style-Chicken-Breast-Fillet-Whole-32-oz-Frozen/756616069,https://i5.walmartimages.com/asr/3114f531-602c-49ab-aa16-1f1670b70171.d79ee3cfd326cc8d5630fcde72378aad.jpeg?odnHeight=180&odnWidth=180&odnBg=ffffff,12.48,
Pagoda Crunchy White Meat Chicken Egg Rolls,https://www.walmart.com/ip/Pagoda-Crunchy-White-Meat-Chicken-Egg-Rolls/400582567,https://i5.walmartimages.com/asr/766f10ce-506b-4991-b0ee-8a948ba75c54.42aa34a4c5486cc04e382537ae2ec96e.jpeg?odnHeight=180&odnWidth=180&odnBg=ffffff,7.24,
"Stouffer's Lasagna Italiano Party Size Frozen Frozen Meal, 90 oz (Frozen)",https://www.walmart.com/ip/Stouffer-s-Lasagna-Italiano-Party-Size-Frozen-Frozen-Meal-90-oz-Frozen/10804842,https://i5.walmartimages.com/asr/3d377646-cce1-448c-81a1-ca017699f793.6f15c851c138cc874b07e32604e3bea8.jpeg?odnHeight=180&odnWidth=180&odnBg=ffffff,16.48,
"Foster Farms Fully Cooked Orange Chicken Fritters (White Meat) - Frozen, 24 oz (1.5 lb) Bag",https://www.walmart.com/ip/Foster-Farms-Fully-Cooked-Orange-Chicken-Fritters-White-Meat-Frozen-24-oz-1-5-lb-Bag/11027828,https://i5.walmartimages.com/asr/d8a0fc8d-fb1e-41f8-ae4e-0a343eed7212.aab893ee03ddf47f9c333beba8c1f392.jpeg?odnHeight=180&odnWidth=180&odnBg=ffffff,7.98,
"Banquet Mega Meals Boneless Fried Chicken Frozen Meal, 12 oz (Frozen)",https://www.walmart.com/ip/Banquet-Mega-Meals-Boneless-Fried-Chicken-Frozen-Meal-12-oz-Frozen/47456196,https://i5.walmartimages.com/asr/3a7946e9-2351-49d6-82c9-5637d2b63567.55513a5534a23a4000d2a25445690f6c.jpeg?odnHeight=180&odnWidth=180&odnBg=ffffff,3.12,
"Banquet Chicken Fried Chicken Frozen Meal, 10.1 oz (Frozen)",https://www.walmart.com/ip/Banquet-Chicken-Fried-Chicken-Frozen-Meal-10-1-oz-Frozen/10794568,https://i5.walmartimages.com/asr/d333ce58-70a3-4fdd-83dc-5343044ada95.b55b450ed4156ae732001ec2d3b58602.jpeg?odnHeight=180&odnWidth=180&odnBg=ffffff,1.68,
"Great Value Sugar Snap Pea Stir-Fry, 20 oz (Frozen)",https://www.walmart.com/ip/Great-Value-Sugar-Snap-Pea-Stir-Fry-20-oz-Frozen/702071761,https://i5.walmartimages.com/asr/5ed07e21-9d35-409d-bf0e-9900b0018cfa.64591685aea4b5e826092cb12f8779fb.jpeg?odnHeight=180&odnWidth=180&odnBg=ffffff,2.48,
"Rice-A-Roni Cheddar Broccoli Flavor Rice, 6.5 oz Cardboard Box, Packaged Meal, Dry Uncooked Rice",https://www.walmart.com/ip/Rice-A-Roni-Cheddar-Broccoli-Flavor-Rice-6-5-oz-Cardboard-Box-Packaged-Meal-Dry-Uncooked-Rice/13281200,https://i5.walmartimages.com/asr/fd5d34e8-9a7c-47e1-aecf-920af9f8ebfc.a67e55a0fecb88e7766b1c6fa532293a.jpeg?odnHeight=180&odnWidth=180&odnBg=ffffff,1.28,
Gardein Ultimate Plant-Based Vegan Chick'n Tenders 15 oz (Frozen),https://www.walmart.com/ip/Gardein-Ultimate-Plant-Based-Vegan-Chick-n-Tenders-15-oz-Frozen/648964963,https://i5.walmartimages.com/asr/0fe3235b-eb4f-4ede-9290-4fee19dc5ce1.eee162db651cc88a9d31192dea68fedb.jpeg?odnHeight=180&odnWidth=180&odnBg=ffffff,7.92,
"HORMEL SQUARE TABLE Roasted Refrigerated Chicken Breasts & Gravy Entre, 15 oz Plastic Tray",https://www.walmart.com/ip/HORMEL-SQUARE-TABLE-Roasted-Refrigerated-Chicken-Breasts-Gravy-Entr-e-15-oz-Plastic-Tray/10290968,https://i5.walmartimages.com/asr/809623d3-648f-4097-bf66-69210b255015.a76be452b3498032dcd5f704dde4a3e7.jpeg?odnHeight=180&odnWidth=180&odnBg=ffffff,8.34,
"Fresh Constellation Medley Tomato, 10 oz Package",https://www.walmart.com/ip/Fresh-Constellation-Medley-Tomato-10-oz-Package/3649500121,https://i5.walmartimages.com/asr/d474398d-6e4c-46e7-909c-0f37f545fb61.fa08f42498e50956efd62a2ac1152319.jpeg?odnHeight=180&odnWidth=180&odnBg=ffffff,3.94,
"Fresh Glorys Cherry Tomatoes, 10 oz Package",https://www.walmart.com/ip/Fresh-Glorys-Cherry-Tomatoes-10-oz-Package/101293835,https://i5.walmartimages.com/asr/7efe3e72-e5d3-4b89-80e1-e92e2ef4ed32.3dbb430f32f67cf918bfc2b21f4a1043.jpeg?odnHeight=180&odnWidth=180&odnBg=ffffff,2.98,
"Jimmy Dean Bacon Egg & Cheese Croissant Sandwich, 28.8 oz, 8 Count (Frozen)",https://www.walmart.com/ip/Jimmy-Dean-Bacon-Egg-Cheese-Croissant-Sandwich-28-8-oz-8-Count-Frozen/331853414,https://i5.walmartimages.com/asr/70afa18f-839c-4f1c-b7ba-6b790c82266b.bb380345edda7153eb67229b9816a4c0.jpeg?odnHeight=180&odnWidth=180&odnBg=ffffff,10.97,
"Delimex White Meat Chicken Corn Taquitos Frozen Snacks, 56 Ct Box Regular",https://www.walmart.com/ip/Delimex-White-Meat-Chicken-Corn-Taquitos-Frozen-Snacks-56-Ct-Box-Regular/35103138,https://i5.walmartimages.com/asr/3c84c666-4d9e-4a27-ab07-798d43570bd1.5047204f85e05c1bb975c0d9fd53b7c9.jpeg?odnHeight=180&odnWidth=180&odnBg=ffffff,11.98,
"Smucker's Uncrustables Peanut Butter & Strawberry Jam Sandwich, 8 oz, 4 Count (Frozen)",https://www.walmart.com/ip/Smucker-s-Uncrustables-Peanut-Butter-Strawberry-Jam-Sandwich-8-oz-4-Count-Frozen/10805143,https://i5.walmartimages.com/asr/08380e2a-9d2e-4aca-9f46-c7f35b0e172e.9c6b93ee63a8037fde16f44acadf8acb.jpeg?odnHeight=180&odnWidth=180&odnBg=ffffff,4.18,
"Knorr Rice Sides No Artificial Flavors Chicken Fried Rice, Cooks in 7 Minutes, 5.7 oz",https://www.walmart.com/ip/Knorr-Rice-Sides-No-Artificial-Flavors-Chicken-Fried-Rice-Cooks-in-7-Minutes-5-7-oz/10307849,https://i5.walmartimages.com/asr/0105afaa-942d-446c-a13b-17c660dd3cdd.029d896f2a8ceafb76eb3ecace2b83af.jpeg?odnHeight=180&odnWidth=180&odnBg=ffffff,1.28,
"Zatarain's Red Beans & Rice, 8 oz Gluten-Free",https://www.walmart.com/ip/Zatarain-s-Red-Beans-Rice-8-oz-Gluten-Free/10293294,https://i5.walmartimages.com/asr/8ea03481-4bae-4ba7-8120-ed86d20b2589.70801f2db7f023e4dc1fec13d4763b4a.jpeg?odnHeight=180&odnWidth=180&odnBg=ffffff,1.94,
"MorningStar Farms Original Meatless Chicken Patties, 10 oz, 4 Count (Frozen)",https://www.walmart.com/ip/MorningStar-Farms-Original-Meatless-Chicken-Patties-10-oz-4-Count-Frozen/49358455,https://i5.walmartimages.com/asr/fade9387-cdca-4c0e-9ce6-64c32ae53336.e8a0e062b17b9def109616c79757a085.jpeg?odnHeight=180&odnWidth=180&odnBg=ffffff,4.58,
"Birds Eye Normandy Blend Frozen Vegetable Mix, 60 oz. (Frozen)",https://www.walmart.com/ip/Birds-Eye-Normandy-Blend-Frozen-Vegetable-Mix-60-oz-Frozen/11047233,https://i5.walmartimages.com/asr/9e196a1c-9c3f-435c-9084-737a13e3de0b.76e57a668fdb17f758afbaccf6da3d88.jpeg?odnHeight=180&odnWidth=180&odnBg=ffffff,6.92,
"Stouffer's Baked Boneless Chicken Frozen Meal, 8.8 oz (Frozen)",https://www.walmart.com/ip/Stouffer-s-Baked-Boneless-Chicken-Frozen-Meal-8-8-oz-Frozen/10804760,https://i5.walmartimages.com/asr/dc42073a-fb6e-41d3-9857-ee7bc63f2380.79e65d06c74bede40debb36b46f8493b.jpeg?odnHeight=180&odnWidth=180&odnBg=ffffff,3.48,
"Knorr Rice Sides No Artificial Flavors Herb and Butter Rice, Cooks in 7 Minutes, 5.4 oz",https://www.walmart.com/ip/Knorr-Rice-Sides-No-Artificial-Flavors-Herb-and-Butter-Rice-Cooks-in-7-Minutes-5-4-oz/10307847,https://i5.walmartimages.com/asr/c70c479e-a09c-45e4-9c0b-fb12aaebc3aa.6684cdfe24290d9cc0a1cdd7b1037a17.jpeg?odnHeight=180&odnWidth=180&odnBg=ffffff,1.28,
"Great Value Original Premium Shells & Cheese Microwavable Cups, 8 Count",https://www.walmart.com/ip/Great-Value-Original-Premium-Shells-Cheese-Microwavable-Cups-8-Count/200418739,https://i5.walmartimages.com/asr/a8cf496d-69d3-4aef-8658-cad796dec2ae.b3e6fe839e6e551a83d5681fc23a7fe3.jpeg?odnHeight=180&odnWidth=180&odnBg=ffffff,6.98,
"Smart Ones Ham & Cheese Scramble Frozen Meal, 6.49 Oz Box",https://www.walmart.com/ip/Smart-Ones-Ham-Cheese-Scramble-Frozen-Meal-6-49-Oz-Box/15716510,https://i5.walmartimages.com/asr/1e103249-b021-46c4-ac33-d49a0407188c.93b81b3285f199d1083c9d5d5f40c66e.jpeg?odnHeight=180&odnWidth=180&odnBg=ffffff,2.26,
"Maruchan Instant Lunch Roast Chicken Flavor Soup, 2.25 oz Shelf Stable Cup",https://www.walmart.com/ip/Maruchan-Instant-Lunch-Roast-Chicken-Flavor-Soup-2-25-oz-Shelf-Stable-Cup/10450902?athbdg=L1600,https://i5.walmartimages.com/asr/4906f926-129c-49a4-9f36-49f54e87e17c.781881a422564153211c6a2e8d5e2f48.jpeg?odnHeight=180&odnWidth=180&odnBg=ffffff,3.99,7.97
"Marketside Southwest Chopped Salad Kit, 10.3 oz Bag, Fresh",https://www.walmart.com/ip/Marketside-Southwest-Chopped-Salad-Kit-10-3-oz-Bag-Fresh/343402197,https://i5.walmartimages.com/asr/fec1a28f-2346-4ae4-afd8-8a28dfc50ecd_1.2c05b2203a76237827fe07e9c06cb0ca.jpeg?odnHeight=180&odnWidth=180&odnBg=ffffff,3.98,
"Gardein Plant-Based Vegan Mandarin Orange Crispy Chick'n, 10.5 oz (Frozen)",https://www.walmart.com/ip/Gardein-Plant-Based-Vegan-Mandarin-Orange-Crispy-Chick-n-10-5-oz-Frozen/46615896,https://i5.walmartimages.com/asr/8c8f31bf-af05-484d-abe1-64f503b0ae0f.f5e5d851b50289a26ddfab898bd35a5e.jpeg?odnHeight=180&odnWidth=180&odnBg=ffffff,4.92,
"Amy's Kitchen Gluten Free Chili Mac Bowl, 9 Oz Box (Frozen)",https://www.walmart.com/ip/Amy-s-Kitchen-Gluten-Free-Chili-Mac-Bowl-9-Oz-Box-Frozen/47502363,https://i5.walmartimages.com/asr/ff145dd4-5d02-4a95-9184-4482467a33a9.5f5526fc1472845d372d2991f432e196.jpeg?odnHeight=180&odnWidth=180&odnBg=ffffff,5.48,
"Kraft Deluxe Original Mac N Cheese Macaroni and Cheese Cups Easy Microwavable Dinner, 8 ct Box, 2.39 oz Cups",https://www.walmart.com/ip/Kraft-Deluxe-Original-Mac-N-Cheese-Macaroni-and-Cheese-Cups-Easy-Microwavable-Dinner-8-ct-Box-2-39-oz-Cups/617160351,https://i5.walmartimages.com/asr/d2e5c524-23a4-4f5b-8136-4a1a1a8d142e.323e530864d38dd097e622169729a5d6.jpeg?odnHeight=180&odnWidth=180&odnBg=ffffff,8.47,
"Cheetos Mac 'N Cheese, Bold & Cheesy Flavor, Mac and Cheese, Macaroni and Cheese, 2.32 oz Shelf-Stable Cup",https://www.walmart.com/ip/Cheetos-Mac-N-Cheese-Bold-Cheesy-Flavor-Mac-and-Cheese-Macaroni-and-Cheese-2-32-oz-Shelf-Stable-Cup/358528426,https://i5.walmartimages.com/asr/f2edee44-8e01-45b7-86b0-dd63471678dd.dfbc0bf5a2054394bdfbacd6984acfe2.jpeg?odnHeight=180&odnWidth=180&odnBg=ffffff,1.54,
"Marketside 2 lb. Sweet and Smoky Baby Back Ribs, Hickory Smoked, Fully Cooked, Ready to Heat and Eat",https://www.walmart.com/ip/Marketside-2-lb-Sweet-and-Smoky-Baby-Back-Ribs-Hickory-Smoked-Fully-Cooked-Ready-to-Heat-and-Eat/1115178282,https://i5.walmartimages.com/asr/f8768c3c-cc1c-48c9-bce1-1415f93e40a9.02ca4713f5d635be78ef832390cbc1ad.jpeg?odnHeight=180&odnWidth=180&odnBg=ffffff,14.98,
Jimmy Dean Mini Maple Pancakes and Maple Sausage Bites,https://www.walmart.com/ip/Jimmy-Dean-Mini-Maple-Pancakes-and-Maple-Sausage-Bites/771122705,https://i5.walmartimages.com/asr/c8d8426f-7153-4cfd-adf2-1d2d82da52ad.0c2cad8ba6ef64a313a6b61c6d6595af.jpeg?odnHeight=180&odnWidth=180&odnBg=ffffff,3.28,
Chef Boyardee Mini-Bites ABC's & 123's Pasta with Meatballs 7.5 oz,https://www.walmart.com/ip/Chef-Boyardee-Mini-Bites-ABC-s-123-s-Pasta-with-Meatballs-7-5-oz/10449175,https://i5.walmartimages.com/asr/217ff203-41d0-46e3-b713-027156ae40f6.8539f3241bde7fd16c51c650a8f22cfa.jpeg?odnHeight=180&odnWidth=180&odnBg=ffffff,1.18,
"Sargento Balanced Breaks Sharp Cheddar Cheese, Cashews, Cherry Infused Dried Cranberries",https://www.walmart.com/ip/Sargento-Balanced-Breaks-Sharp-Cheddar-Cheese-Cashews-Cherry-Infused-Dried-Cranberries/45618146?athbdg=L1600,https://i5.walmartimages.com/asr/b28a9ff8-4838-4d49-b0d2-e8dc3d5a4476.28ea7a16112c8d97ed8b523b60b35a41.jpeg?odnHeight=180&odnWidth=180&odnBg=ffffff,3.34,
"Canyon Bakehouse Deli White Bagels, Gluten Free Bagels, 100% Whole Grain, Fresh, 4 Count",https://www.walmart.com/ip/Canyon-Bakehouse-Deli-White-Bagels-Gluten-Free-Bagels-100-Whole-Grain-Fresh-4-Count/883394763,https://i5.walmartimages.com/asr/2fb272e0-c3ca-44a8-8627-032c9e9c96d8.481843386fd216fe6124f3b3a6f2c55c.jpeg?odnHeight=180&odnWidth=180&odnBg=ffffff,6.47,
"Freshness Guaranteed Vegetable Tray with Buttermilk Ranch Dip, 20 oz",https://www.walmart.com/ip/Freshness-Guaranteed-Vegetable-Tray-with-Buttermilk-Ranch-Dip-20-oz/784759105,https://i5.walmartimages.com/asr/2267355e-bcc7-4bf4-8fc4-529435581ad9.1c69310c33b47189bdbc21257928bb20.jpeg?odnHeight=180&odnWidth=180&odnBg=ffffff,6.97,
"Fresh Mangoes, Each, Sweet",https://www.walmart.com/ip/Fresh-Mangoes-Each-Sweet/994998279,https://i5.walmartimages.com/asr/cc54242f-cb87-4a25-9baa-fccaa20f5443.64fa79325ad44a7352dcd3c2a8b477be.jpeg?odnHeight=180&odnWidth=180&odnBg=ffffff,1.94,
"Freshness Guaranteed Vegetable Tray with Buttermilk Ranch Dip, 40 oz",https://www.walmart.com/ip/Freshness-Guaranteed-Vegetable-Tray-with-Buttermilk-Ranch-Dip-40-oz/662268383,https://i5.walmartimages.com/asr/cdfa19b5-1aab-4d94-b377-955f812dec6f.a481d9ad1b4088ed632f99f99ff60f1a.jpeg?odnHeight=180&odnWidth=180&odnBg=ffffff,10.97,
"Hungry Jack Buttermilk Mini Pancakes, 1lb 12.2 oz, 80 Count Box (Frozen)",https://www.walmart.com/ip/Hungry-Jack-Buttermilk-Mini-Pancakes-1lb-12-2-oz-80-Count-Box-Frozen/148404998,https://i5.walmartimages.com/asr/b4eb9648-4531-4ae3-9fc7-f269980c02df.786c7fc3add2289811dfb1cb17463845.jpeg?odnHeight=180&odnWidth=180&odnBg=ffffff,5.32,
"Healthy Choice Power Bowls Adobo Chicken Frozen Meal, 9.75 oz Bowl (Frozen)",https://www.walmart.com/ip/Healthy-Choice-Power-Bowls-Adobo-Chicken-Frozen-Meal-9-75-oz-Bowl-Frozen/702555625,https://i5.walmartimages.com/asr/d69c810e-e6f9-4811-b582-2173670a15c6.2ddbb183d25dd8fcf22ec1cffa769d61.jpeg?odnHeight=180&odnWidth=180&odnBg=ffffff,3.98,
"Lean Cuisine Favorites Chicken Enchilada Suiza Meal, 9 oz (Frozen)",https://www.walmart.com/ip/Lean-Cuisine-Favorites-Chicken-Enchilada-Suiza-Meal-9-oz-Frozen/10804818,https://i5.walmartimages.com/asr/3b009695-7c45-468b-a83b-2209f9030ec8.bc4d7dd0357353959fda1e78705dfed0.jpeg?odnHeight=180&odnWidth=180&odnBg=ffffff,2.94,
"Cracker Barrel Sharp White Cheddar Mac N Cheese Macaroni and Cheese Dinner, 14 oz Box",https://www.walmart.com/ip/Cracker-Barrel-Sharp-White-Cheddar-Mac-N-Cheese-Macaroni-and-Cheese-Dinner-14-oz-Box/50423046,https://i5.walmartimages.com/asr/3996e160-d7eb-4d19-80fd-f7128357cd6e.19cf1ea9fcb7f5d81842e370f656c287.jpeg?odnHeight=180&odnWidth=180&odnBg=ffffff,3.68,
"Marketside Baby Spinach Salad, 11 oz, Fresh",https://www.walmart.com/ip/Marketside-Baby-Spinach-Salad-11-oz-Fresh/23848086,https://i5.walmartimages.com/asr/1160a35a-a58f-47c0-86b9-96db4ee53f63_6.f52642a6d03757c2b03d32b16ec57851.png?odnHeight=180&odnWidth=180&odnBg=ffffff,3.98,
"Velveeta Skillets Chicken Alfredo Dinner Kit, 12.5 oz Box",https://www.walmart.com/ip/Velveeta-Skillets-Chicken-Alfredo-Dinner-Kit-12-5-oz-Box/20897545,https://i5.walmartimages.com/asr/9196f270-96d9-42db-837c-6e04eb95522a.8b53149b6c24f3cbd626b5c9cf5daa96.jpeg?odnHeight=180&odnWidth=180&odnBg=ffffff,3.38,
"505 Southwestern Hatch Kitchen Frozen Chicken Quesadillas, 4 oz, 8 Count (32 oz)",https://www.walmart.com/ip/505-Southwestern-Hatch-Kitchen-Frozen-Chicken-Quesadillas-4-oz-8-Count-32-oz/47386272,https://i5.walmartimages.com/asr/c41c3f7e-6e7f-4208-9ae2-1539ea14a99a.a441636911e411ee01a77d91e9e6b5f9.jpeg?odnHeight=180&odnWidth=180&odnBg=ffffff,8.12,
"Hamburger Helper, Cheeseburger Macaroni, Made With Real Cheese, 6.6 oz",https://www.walmart.com/ip/Hamburger-Helper-Cheeseburger-Macaroni-Made-With-Real-Cheese-6-6-oz/45750306,https://i5.walmartimages.com/asr/19d5016b-5206-402b-8423-9693899a456f.741937bed8a0fed26612aa0ecbf99008.jpeg?odnHeight=180&odnWidth=180&odnBg=ffffff,7.0,
"Birds Eye Voila! Sweet & Sour Chicken Family Size Skillet Frozen Meal, 42 oz (Frozen)",https://www.walmart.com/ip/Birds-Eye-Voila-Sweet-Sour-Chicken-Family-Size-Skillet-Frozen-Meal-42-oz-Frozen/20918324,https://i5.walmartimages.com/asr/32deebbe-7b18-42b8-ad75-ed03021336fd.e462815cc1290ce1a0e79e25769fd470.jpeg?odnHeight=180&odnWidth=180&odnBg=ffffff,8.48,
"Rice-A-Roni Chicken Rice & Vermicelli Mix, 1.97 oz Cup",https://www.walmart.com/ip/Rice-A-Roni-Chicken-Rice-Vermicelli-Mix-1-97-oz-Cup/22089927,https://i5.walmartimages.com/asr/f209b0fd-5f64-4752-9a2b-451e09939360.c06013a9ccf12b536f3da39e019f2cd6.jpeg?odnHeight=180&odnWidth=180&odnBg=ffffff,1.28,
"Velveeta Skillets Philly Cheese Steak Pasta Dinner Kit, 12.2 oz Box",https://www.walmart.com/ip/Velveeta-Skillets-Philly-Cheese-Steak-Pasta-Dinner-Kit-12-2-oz-Box/42340148,https://i5.walmartimages.com/asr/33c43b89-4bdc-421e-82af-0e5c38b50173.dc241e6d4da58941eee0b7a120907a8f.jpeg?odnHeight=180&odnWidth=180&odnBg=ffffff,3.38,
"Stouffer's Classic Ketchup Glazed Meatloaf Meal, 16 oz (Frozen)",https://www.walmart.com/ip/Stouffer-s-Classic-Ketchup-Glazed-Meatloaf-Meal-16-oz-Frozen/14574577,https://i5.walmartimages.com/asr/53e0dbd4-57c2-42c9-bec6-1b2fbf0cc5da.b6ac6f0b8e782ae2933fff41a4306656.jpeg?odnHeight=180&odnWidth=180&odnBg=ffffff,5.18,
"SPAM Lite, 9 g of protein per serving, 12 oz Aluminum Can",https://www.walmart.com/ip/SPAM-Lite-9-g-of-protein-per-serving-12-oz-Aluminum-Can/10290937,https://i5.walmartimages.com/asr/888fa9d0-1890-4d35-a716-e72b8224e80d.196442bd4dcd3317cb8133e5577d58e6.jpeg?odnHeight=180&odnWidth=180&odnBg=ffffff,3.58,
"Velveeta Skillets Chicken Pasta Dinner Kit with Bacon & Ranch, 11.5 oz Box",https://www.walmart.com/ip/Velveeta-Skillets-Chicken-Pasta-Dinner-Kit-with-Bacon-Ranch-11-5-oz-Box/34442018,https://i5.walmartimages.com/asr/e24612b1-e09d-445c-9ab3-5a52bd71632f.d34027f2c595942f2945b9d1a409e723.jpeg?odnHeight=180&odnWidth=180&odnBg=ffffff,3.38,
Michelina's Salisbury Steak and Gravy with Mashed Potatoes Meal 8.0 Oz. (Frozen Dinner),https://www.walmart.com/ip/Michelina-s-Salisbury-Steak-and-Gravy-with-Mashed-Potatoes-Meal-8-0-Oz-Frozen-Dinner/14940820?athbdg=L1300,https://i5.walmartimages.com/asr/f4c26e24-294f-43e3-9aa4-4ad2cf77f5e5.185868a84dd9baea178e92713511b6a8.jpeg?odnHeight=180&odnWidth=180&odnBg=ffffff,1.18,1.34
"Eggo Thick and Fluffy Blueberry Waffles, 11.6 oz, 6 Count (Frozen), Regular",https://www.walmart.com/ip/Eggo-Thick-and-Fluffy-Blueberry-Waffles-11-6-oz-6-Count-Frozen-Regular/43750573,https://i5.walmartimages.com/asr/35252e84-e3f9-4343-bbbe-482f30677af4.c5da4aa518842403db6a50fa25c09bf9.jpeg?odnHeight=180&odnWidth=180&odnBg=ffffff,3.62,
"Great Value Mixed Fruit, Frozen, 16 oz",https://www.walmart.com/ip/Great-Value-Mixed-Fruit-Frozen-16-oz/26178286?athbdg=L1600,https://i5.walmartimages.com/asr/0c70536d-be8f-4154-b57e-c3d616b82625.b3f5b7f7ddef793886bef71c2527d784.jpeg?odnHeight=180&odnWidth=180&odnBg=ffffff,2.38,
"Marketside Organic Fresh Green Onions Bunch, Each",https://www.walmart.com/ip/Marketside-Organic-Fresh-Green-Onions-Bunch-Each/44391051,https://i5.walmartimages.com/asr/b579fc12-871b-43bb-9c37-5a818ee5a730.7e0ee1a74497207bf600bc66f9e4b7c3.jpeg?odnHeight=180&odnWidth=180&odnBg=ffffff,1.86,
"Hot Pockets Frozen Snacks, Pepperoni Pizza, 12 Regular Sandwiches (Frozen)",https://www.walmart.com/ip/Hot-Pockets-Frozen-Snacks-Pepperoni-Pizza-12-Regular-Sandwiches-Frozen/14122459?athbdg=L1600,https://i5.walmartimages.com/asr/797d073b-3f45-47c0-915d-5e957dd0174e.c7e4637c5b0d6c235ace209b1d2d8b81.jpeg?odnHeight=180&odnWidth=180&odnBg=ffffff,14.24,
"Great Value Frozen Sliced Strawberries, 64 oz",https://www.walmart.com/ip/Great-Value-Frozen-Sliced-Strawberries-64-oz/672666564,https://i5.walmartimages.com/asr/bec1b1a6-7179-4139-8b85-bff6202dda70_4.96ef909a06b019e320228b4a7a4f12f3.jpeg?odnHeight=180&odnWidth=180&odnBg=ffffff,9.22,
"El Monterey Signature Beef Enchiladas Meal, 10.25 oz (Frozen)",https://www.walmart.com/ip/El-Monterey-Signature-Beef-Enchiladas-Meal-10-25-oz-Frozen/779191702,https://i5.walmartimages.com/asr/dedf5ab8-af96-4b4f-a48a-3dca86c70d8d.425787b9b43446e610d34df6a5eb272d.jpeg?odnHeight=180&odnWidth=180&odnBg=ffffff,4.17,
"Taylor Farms Caesar Salad with Bacon and Chicken, 5.75oz, 1 Each (Fresh)",https://www.walmart.com/ip/Taylor-Farms-Caesar-Salad-with-Bacon-and-Chicken-5-75oz-1-Each-Fresh/165223637,https://i5.walmartimages.com/asr/0dda0030-7ba8-4618-90c5-3cbdbc773cd2.5faefeddba64da2cabac8e4bb9d61108.jpeg?odnHeight=180&odnWidth=180&odnBg=ffffff,2.97,
"Daiya Dairy Free Gluten Free Meatless Pepperoni Vegan Pizza, 16.7 oz (Frozen)",https://www.walmart.com/ip/Daiya-Dairy-Free-Gluten-Free-Meatless-Pepperoni-Vegan-Pizza-16-7-oz-Frozen/686683837,https://i5.walmartimages.com/asr/930e0eef-1752-4c4c-8e83-2bb662d3410d.f567a7aa35b3440074516fdf919b222c.jpeg?odnHeight=180&odnWidth=180&odnBg=ffffff,7.68,
CHIPS AHOY!/NUTTER BUTTER/OREO COOKIES-SINGLE SERVE VARIETY ASSORTED 20.16 OZ,https://www.walmart.com/ip/CHIPS-AHOY-NUTTER-BUTTER-OREO-COOKIES-SINGLE-SERVE-VARIETY-ASSORTED-20-16-OZ/1495169084?athbdg=L1600,https://i5.walmartimages.com/asr/103ffbe4-cf5c-49e3-aa0c-3c467db6220d.48c1e7139e9b0df09399029d7ad10c79.jpeg?odnHeight=180&odnWidth=180&odnBg=ffffff,6.72,
"Taco Bell Crunchy Taco Shells, 12 ct, 4.5 oz Box",https://www.walmart.com/ip/Taco-Bell-Crunchy-Taco-Shells-12-ct-4-5-oz-Box/33378082,https://i5.walmartimages.com/seo/Taco-Bell-Crunchy-Taco-Shells-12-ct-4-5-oz-Box_496c1b17-3d23-4bfd-8eaf-b1837e3e02f9.eade5fe267ffb51fb495a72721d1d910.jpeg?odnHeight=180&odnWidth=180&odnBg=FFFFFF,0.0,
"Frigo Cheese Heads Colby Jack Cheese & Turkey Sticks, 6.3 oz, 8 Count",https://www.walmart.com/ip/Frigo-Cheese-Heads-Colby-Jack-Cheese-Turkey-Sticks-6-3-oz-8-Count/46194803,https://i5.walmartimages.com/asr/3cf32a9d-7483-41ed-87f6-1e7b376ce90c.8a0130caf8fc3000fc58515365d125dd.jpeg?odnHeight=180&odnWidth=180&odnBg=ffffff,4.14,
"Maruchan Instant Lunch Hot & Spicy Shrimp Flavor Noodle Soup, 2.25 oz Shelf Stable Cup",https://www.walmart.com/ip/Maruchan-Instant-Lunch-Hot-Spicy-Shrimp-Flavor-Noodle-Soup-2-25-oz-Shelf-Stable-Cup/10450900?athbdg=L1600,https://i5.walmartimages.com/asr/900b0fcb-17d2-48fe-b0a0-ff564753716d.74a8123eaae1dc953f372297212fe734.jpeg?odnHeight=180&odnWidth=180&odnBg=ffffff,3.98,
Chef Boyardee Mini Micro Beef Ravioli 7.5 oz,https://www.walmart.com/ip/Chef-Boyardee-Mini-Micro-Beef-Ravioli-7-5-oz/10449174,https://i5.walmartimages.com/asr/1104b668-c076-4ca0-87ae-fe70f248a8f2.8027e1f2bbfd5be4137e81602866d321.jpeg?odnHeight=180&odnWidth=180&odnBg=ffffff,1.18,
"Great Value Cheesy Ham & Potato Bake, 28 oz",https://www.walmart.com/ip/Great-Value-Cheesy-Ham-Potato-Bake-28-oz/444727143,https://i5.walmartimages.com/asr/ae59628b-db09-43a7-9ad2-dd47298dd5a2.9dfca4a6a2bd9be2960ec5fd64cde11a.jpeg?odnHeight=180&odnWidth=180&odnBg=ffffff,7.98,
"Great Value Butternut Squash, 10 oz (Frozen)",https://www.walmart.com/ip/Great-Value-Butternut-Squash-10-oz-Frozen/561484742,https://i5.walmartimages.com/asr/2cffb86e-1043-4d57-8e44-2da357b22a35.e74b07fec42df0c7d124ee4d9f6423c9.jpeg?odnHeight=180&odnWidth=180&odnBg=ffffff,1.92,
"HORMEL COMPLEATS Meatloaf & Gravy with Mashed Potatoes, Shelf Stable 9 oz Plastic Tray",https://www.walmart.com/ip/HORMEL-COMPLEATS-Meatloaf-Gravy-with-Mashed-Potatoes-Shelf-Stable-9-oz-Plastic-Tray/10290972,https://i5.walmartimages.com/asr/5f6ad7eb-8f36-4765-9e88-ca3409265882.2af2fc9582036ea4ce7da6d9497c418a.jpeg?odnHeight=180&odnWidth=180&odnBg=ffffff,2.28,
"Banquet Homestyle Bakes Creamy Cheesy Chicken Alfredo Meal Kit, 35.7 oz",https://www.walmart.com/ip/Banquet-Homestyle-Bakes-Creamy-Cheesy-Chicken-Alfredo-Meal-Kit-35-7-oz/10308034,https://i5.walmartimages.com/asr/1574bcfc-1da9-4ce6-9418-964474de5b4e.27342f49bc51cef340fd051c9c6ed05b.jpeg?odnHeight=180&odnWidth=180&odnBg=ffffff,3.98,
"Great Value Seasoned French Fried Potatoes, 32 oz Bag (Frozen)",https://www.walmart.com/ip/Great-Value-Seasoned-French-Fried-Potatoes-32-oz-Bag-Frozen/10534285?athbdg=L1600,https://i5.walmartimages.com/asr/aea4a76c-b6d3-4a12-b7a8-bcc6a381ca34.e6a0083d5174bdc3f1d8bc1a87749517.jpeg?odnHeight=180&odnWidth=180&odnBg=ffffff,3.42,
"Pasta Roni Butter & Garlic Angel Hair Pasta, 4.7 oz Box",https://www.walmart.com/ip/Pasta-Roni-Butter-Garlic-Angel-Hair-Pasta-4-7-oz-Box/43763032,https://i5.walmartimages.com/asr/8c81df7b-bd82-4df7-949a-b23e858bc475.e0a0432220c33b03e5f68d01a9c4cecc.jpeg?odnHeight=180&odnWidth=180&odnBg=ffffff,1.42,
"LLOYD'S Seasoned and Shredded Beef in Original BBQ Sauce, Refrigerated, 15 oz Plastic Tub",https://www.walmart.com/ip/LLOYD-S-Seasoned-and-Shredded-Beef-in-Original-BBQ-Sauce-Refrigerated-15-oz-Plastic-Tub/10293625,https://i5.walmartimages.com/asr/01e277d8-4dad-49a1-96ae-3c4fb3f1b223.5b8cd9c4e287c5e0c7917b011af102fd.jpeg?odnHeight=180&odnWidth=180&odnBg=ffffff,5.58,
"Amy's Kitchen Gluten Free Cheddar Cheese Burrito, 5.5 oz Pouch (Frozen Meal)",https://www.walmart.com/ip/Amy-s-Kitchen-Gluten-Free-Cheddar-Cheese-Burrito-5-5-oz-Pouch-Frozen-Meal/26542396,https://i5.walmartimages.com/asr/1ddb8fc2-e148-46b1-9c6b-168680913918.9762bb2300a3f67a44ff028af4eaea8b.jpeg?odnHeight=180&odnWidth=180&odnBg=ffffff,3.58,
"Great Value Blueberries, 48 oz (Frozen)",https://www.walmart.com/ip/Great-Value-Blueberries-48-oz-Frozen/32252308?athbdg=L1600,https://i5.walmartimages.com/asr/77a45126-cddf-4342-b51c-80af8fc91cae.3ff5cd613841ca4f3d0fa57a69097b59.jpeg?odnHeight=180&odnWidth=180&odnBg=ffffff,7.24,
"Fresh Slicing Tomato, 2 Pack",https://www.walmart.com/ip/Fresh-Slicing-Tomato-2-Pack/449339781,https://i5.walmartimages.com/asr/e648291f-0ccf-4ef5-a8f8-7fbe8d8686bb.192e42a5f946db220a42352ce18ef6f8.jpeg?odnHeight=180&odnWidth=180&odnBg=ffffff,2.48,
"Birds Eye Steamfresh Roasted Red Potatoes with Chive Butter Sauce, Frozen Vegetable, 10.8 oz Bag (Frozen)",https://www.walmart.com/ip/Birds-Eye-Steamfresh-Roasted-Red-Potatoes-with-Chive-Butter-Sauce-Frozen-Vegetable-10-8-oz-Bag-Frozen/54027282,https://i5.walmartimages.com/asr/6b4ff36a-caac-4c07-be4e-e72db2c57b4b.e18d38d6773b4beba4de267f9cff5c97.jpeg?odnHeight=180&odnWidth=180&odnBg=ffffff,2.36,
"Stove Top Turkey Stuffing Mix Side Dish Twin Pack, 2 ct Pack, 6 oz Boxes",https://www.walmart.com/ip/Stove-Top-Turkey-Stuffing-Mix-Side-Dish-Twin-Pack-2-ct-Pack-6-oz-Boxes/40703626,https://i5.walmartimages.com/asr/ad717e3a-ebe7-4365-ac7e-278d7ec6ff5f.e9f3e9f66aebb3be56f0eedff83f19c7.jpeg?odnHeight=180&odnWidth=180&odnBg=ffffff,4.42,
"Amy's Kitchen Gluten Free Non Gmo Tofu Scramble, 9 oz Box (Frozen)",https://www.walmart.com/ip/Amy-s-Kitchen-Gluten-Free-Non-Gmo-Tofu-Scramble-9-oz-Box-Frozen/14053224,https://i5.walmartimages.com/asr/4484f969-e432-4ad2-8930-251b870ddb59.43ec5012663b550195a7e0046eca62bb.jpeg?odnHeight=180&odnWidth=180&odnBg=ffffff,5.68,
"Armour LunchMakers Chicken & Crackers Kit with Crunch Bar, 2.4 oz, 1 Count",https://www.walmart.com/ip/Armour-LunchMakers-Chicken-Crackers-Kit-with-Crunch-Bar-2-4-oz-1-Count/10790887?athbdg=L1600,https://i5.walmartimages.com/asr/eadcf9c7-659e-4d85-848b-c680b8e1f7ce.5b8fc8e2f0e8a06521c4470ef1a9ee2f.jpeg?odnHeight=180&odnWidth=180&odnBg=ffffff,1.18,
"Fresh Yellow Squash, Each",https://www.walmart.com/ip/Fresh-Yellow-Squash-Each/44391040?athbdg=L1600,https://i5.walmartimages.com/asr/cac77957-3d9b-4bd3-bb94-53dbacf7241a.6e34f4c036af69455baa7a228c0eff91.jpeg?odnHeight=180&odnWidth=180&odnBg=ffffff,0.91,
"Hamburger Helper, Four Cheese Lasagna, Twin Pack",https://www.walmart.com/ip/Hamburger-Helper-Four-Cheese-Lasagna-Twin-Pack/639616367,https://i5.walmartimages.com/asr/c5454e8e-1d1a-4fd4-9277-b1266a97be4d.1c3e967795ab73af33200ca7f0b016a3.jpeg?odnHeight=180&odnWidth=180&odnBg=ffffff,2.94,
"Stouffer's Macaroni and Beef Frozen Frozen Meal, 12.875 oz (Frozen)",https://www.walmart.com/ip/Stouffer-s-Macaroni-and-Beef-Frozen-Frozen-Meal-12-875-oz-Frozen/14562659,https://i5.walmartimages.com/asr/c106b95d-8128-4d5e-9c18-a67c155dc712.593ca971469c7c865d94074e6a346d67.jpeg?odnHeight=180&odnWidth=180&odnBg=ffffff,3.48,
"Lunchables Turkey & American Cheese Cracker Stackers Kids Lunch Meal Kit, 8.9 oz Box",https://www.walmart.com/ip/Lunchables-Turkey-American-Cheese-Cracker-Stackers-Kids-Lunch-Meal-Kit-8-9-oz-Box/13908407,https://i5.walmartimages.com/asr/0ea139d5-aa6f-4ec2-9ace-3ed04cbca33b.6f8c466587ff5db06044597f676bdb13.jpeg?odnHeight=180&odnWidth=180&odnBg=ffffff,2.86,
"Amy's Kitchen Gluten Free Roasted Poblano Enchilada, 9.1 oz Box (Frozen Meal)",https://www.walmart.com/ip/Amy-s-Kitchen-Gluten-Free-Roasted-Poblano-Enchilada-9-1-oz-Box-Frozen-Meal/167205642,https://i5.walmartimages.com/asr/76a6a62c-7ca4-4c99-b2fd-1b95f86dc368.8b29d102a3b19d29399574ec97c4a74e.jpeg?odnHeight=180&odnWidth=180&odnBg=ffffff,5.68,
"P3 Turkey, Almonds & Colby Jack Cheese Protein Snack Pack, 5 Ct Box, 2 Oz Trays",https://www.walmart.com/ip/P3-Turkey-Almonds-Colby-Jack-Cheese-Protein-Snack-Pack-5-Ct-Box-2-Oz-Trays/47512009,https://i5.walmartimages.com/asr/fdc0c81b-4361-45a5-82ba-7d09f6ed1334.2674585c2b86e53e627d9cf98c5bb08a.jpeg?odnHeight=180&odnWidth=180&odnBg=ffffff,7.98,
"Foster Farms Fully Cooked Classic Buffalo Take Out Crispy Wings - Frozen, 16oz (1 lb) Bag",https://www.walmart.com/ip/Foster-Farms-Fully-Cooked-Classic-Buffalo-Take-Out-Crispy-Wings-Frozen-16oz-1-lb-Bag/317578257,https://i5.walmartimages.com/asr/414fb6dd-9beb-4a67-ae28-ac5e7c7f9429.184b417b76c5d5f56e11671026950aec.jpeg?odnHeight=180&odnWidth=180&odnBg=ffffff,7.98,
"Street Kitchen Indian Butter Chicken Scratch Kit - 9 oz, Authentic & Quick Culinary Adventure by Passage Foods",https://www.walmart.com/ip/Street-Kitchen-Indian-Butter-Chicken-Scratch-Kit-9-oz-Authentic-Quick-Culinary-Adventure-by-Passage-Foods/52793361,https://i5.walmartimages.com/asr/24e240b4-ebd1-45aa-993d-cc2c1f8e813f.3a5d5240c449a6123595e89f9adad782.jpeg?odnHeight=180&odnWidth=180&odnBg=ffffff,3.28,
"Ben's Original Ready Rice Coconut Jasmine Flavored Rice, Easy Dinner Side, 8.5 Ounce Pouch",https://www.walmart.com/ip/Ben-s-Original-Ready-Rice-Coconut-Jasmine-Flavored-Rice-Easy-Dinner-Side-8-5-Ounce-Pouch/167854833,https://i5.walmartimages.com/asr/2357f57c-9835-4312-8abb-b4983188467f.7bd3e7c78d91bafe35ba9def331d7d2f.jpeg?odnHeight=180&odnWidth=180&odnBg=ffffff,2.33,
"Tyson All Natural Lightly Breaded Crispy Chicken Breast Tenders, 2 lb Bag (Frozen)",https://www.walmart.com/ip/Tyson-All-Natural-Lightly-Breaded-Crispy-Chicken-Breast-Tenders-2-lb-Bag-Frozen/178463157,https://i5.walmartimages.com/asr/c8052bf9-0c27-4b7e-98c9-3e6815ef7094.2be742e21caf263d3ef1caeb04e7631e.jpeg?odnHeight=180&odnWidth=180&odnBg=ffffff,13.18,
"Great Value Buffalo Style Fully Cooked Chicken Wings, 22 oz",https://www.walmart.com/ip/Great-Value-Buffalo-Style-Fully-Cooked-Chicken-Wings-22-oz/708788812,https://i5.walmartimages.com/asr/fb6a18d8-9419-4e6c-88c2-2b2bfa51e0b7.262d1ee6d7db76ec41f835d360e5a799.jpeg?odnHeight=180&odnWidth=180&odnBg=ffffff,8.37,
"Freshness Guaranteed Meatball Marinara Sub Sandwich, 8 oz, 1 Count",https://www.walmart.com/ip/Freshness-Guaranteed-Meatball-Marinara-Sub-Sandwich-8-oz-1-Count/375914849,https://i5.walmartimages.com/asr/81d80fb2-217e-4fe1-b1ca-148d71db960a.db7b896df78df5821201b69401418c17.jpeg?odnHeight=180&odnWidth=180&odnBg=ffffff,3.97,
"Keebler Sweet Treat Variety Mix with Keebler Cookies and Funables Fruit Snacks Packs, 30 Count",https://www.walmart.com/ip/Keebler-Sweet-Treat-Variety-Mix-with-Keebler-Cookies-and-Funables-Fruit-Snacks-Packs-30-Count/645518782,https://i5.walmartimages.com/asr/42e16ce9-d991-4c6f-92fc-a021131d7a0b.8a670dd6831c2b849ee9c148fb9f6dda.jpeg?odnHeight=180&odnWidth=180&odnBg=ffffff,11.98,
"Great Value Fully Cooked Homestyle Meatballs, Family Size, 48 oz (Frozen)",https://www.walmart.com/ip/Great-Value-Fully-Cooked-Homestyle-Meatballs-Family-Size-48-oz-Frozen/45368977,https://i5.walmartimages.com/asr/40986b08-87d0-47b2-8039-0a455747b65b.de1bb088f4abb4986d6982a726db4c30.jpeg?odnHeight=180&odnWidth=180&odnBg=ffffff,9.96,
"Ben's Original Ready Rice Garden Vegetable Flavored Rice, Easy Dinner Side, 8.8 Ounce Pouch",https://www.walmart.com/ip/Ben-s-Original-Ready-Rice-Garden-Vegetable-Flavored-Rice-Easy-Dinner-Side-8-8-Ounce-Pouch/433370810,https://i5.walmartimages.com/asr/db62f228-7792-45d5-917d-1593cc089dcf.c62e0094e15a1ce5c283babc6234f99d.jpeg?odnHeight=180&odnWidth=180&odnBg=ffffff,2.33,
"Old El Paso Spanish Rice, 7.6 oz.",https://www.walmart.com/ip/Old-El-Paso-Spanish-Rice-7-6-oz/24506161,https://i5.walmartimages.com/asr/c9610eef-50bc-4722-bb83-a940201c179b.ebb2b2e7bbda46e4eb2eed3d42933774.jpeg?odnHeight=180&odnWidth=180&odnBg=ffffff,2.18,
"Great Value Frozen Breaded Okra, 12 oz Plastic Bag",https://www.walmart.com/ip/Great-Value-Frozen-Breaded-Okra-12-oz-Plastic-Bag/488248546?athbdg=L1600,https://i5.walmartimages.com/asr/bc1732da-a20a-43ed-9bc8-d99aca240490.5e32e62d6446c32391a09ea173061723.jpeg?odnHeight=180&odnWidth=180&odnBg=ffffff,2.12,
"Great Value Triple Berry Blend, 48 oz (Frozen)",https://www.walmart.com/ip/Great-Value-Triple-Berry-Blend-48-oz-Frozen/26178285,https://i5.walmartimages.com/asr/97f7a69b-7e44-40ba-8f68-49698e6ec783.bda12bce08ad8b16a017d5ce96e59d5c.jpeg?odnHeight=180&odnWidth=180&odnBg=ffffff,10.74,11.98
"Marketside Classic Iceberg Salad, 24 oz Bag, Fresh",https://www.walmart.com/ip/Marketside-Classic-Iceberg-Salad-24-oz-Bag-Fresh/13893730,https://i5.walmartimages.com/asr/7318dc69-5526-41ae-9b97-a5ad851bd35d_2.dc00c1586acf737a7d652ce81933e339.jpeg?odnHeight=180&odnWidth=180&odnBg=ffffff,3.14,
"Hamburger Helper, Cheesy Italian Shells, Twin Pack",https://www.walmart.com/ip/Hamburger-Helper-Cheesy-Italian-Shells-Twin-Pack/36348049,https://i5.walmartimages.com/asr/432258db-3bd5-4bc5-b65b-64c71c790c52.3ffa43df4eb317a76b855fd9eb27a152.jpeg?odnHeight=180&odnWidth=180&odnBg=ffffff,2.94,
"Nabisco Cookie Mini Variety Pack, 1 Oz, Box Of 12",https://www.walmart.com/ip/Nabisco-Cookie-Mini-Variety-Pack-1-Oz-Box-Of-12/10824296,https://i5.walmartimages.com/asr/5460a3ec-104c-488d-83f2-b8a6a955edac.e12537d22e82b70ccd16542d719744b9.jpeg?odnHeight=180&odnWidth=180&odnBg=ffffff,13.09,
"Fresh Carrots, 2 lb Bag",https://www.walmart.com/ip/Fresh-Carrots-2-lb-Bag/10535757,https://i5.walmartimages.com/asr/2558f7bd-3a7f-4c42-a03b-5cc0cf162f81_1.bbe9fc11436fe5f08fbb176fddd6cff4.jpeg?odnHeight=180&odnWidth=180&odnBg=ffffff,1.44,
"MorningStar Farms Veggie Breakfast Meatless Sausage, Egg, Cheese Breakfast Sandwiches, 14.8 oz, 4 Count (Frozen)",https://www.walmart.com/ip/MorningStar-Farms-Veggie-Breakfast-Meatless-Sausage-Egg-Cheese-Breakfast-Sandwiches-14-8-oz-4-Count-Frozen/37559901,https://i5.walmartimages.com/asr/fd3e3892-a7c6-4b4d-9cce-9db7f4ff8014.e3e8633369eb3bdcdb58f79d2681462e.jpeg?odnHeight=180&odnWidth=180&odnBg=ffffff,7.28,
"Fresh Navel Oranges, 4 lb Bag",https://www.walmart.com/ip/Fresh-Navel-Oranges-4-lb-Bag/44391012?athbdg=L1600,https://i5.walmartimages.com/asr/fde3a905-a587-489d-baf8-399c6a685b03.30b341eb36f6f629e51f36434db8015f.jpeg?odnHeight=180&odnWidth=180&odnBg=ffffff,4.98,
"Great Value Frozen Crinkle Cut Carrots, 12 oz Steamable Bag",https://www.walmart.com/ip/Great-Value-Frozen-Crinkle-Cut-Carrots-12-oz-Steamable-Bag/445101086?athbdg=L1600,https://i5.walmartimages.com/asr/b42f0a08-23c1-4c93-8e2b-54013890ee41.e9cc8d02866ec14a6c0659c46921dae2.jpeg?odnHeight=180&odnWidth=180&odnBg=ffffff,0.98,
"Van's Non-GMO, Gluten Free Original Waffles, 9 oz, 6 Count (Frozen)",https://www.walmart.com/ip/Van-s-Non-GMO-Gluten-Free-Original-Waffles-9-oz-6-Count-Frozen/37859502?athbdg=L1600,https://i5.walmartimages.com/asr/cfd1bcbb-c6ad-4c75-9200-4f512d240bbd.6331e2a04f6cbf1b611118f5648258df.png?odnHeight=180&odnWidth=180&odnBg=ffffff,3.38,
"Marketside Kale Pecan Cranberry Chopped Salad Kit, 7 oz Bag, Fresh",https://www.walmart.com/ip/Marketside-Kale-Pecan-Cranberry-Chopped-Salad-Kit-7-oz-Bag-Fresh/300881040,https://i5.walmartimages.com/asr/86f83d4c-19a4-4e7b-bfea-634d7d50ed42_2.658796f45a8dd0f67fac1f916b50a23b.jpeg?odnHeight=180&odnWidth=180&odnBg=ffffff,3.98,
"HORMEL COMPLEATS Chicken Breast with Gravy & Mashed Potatoes, Shelf Stable, 10 oz Plastic Tray",https://www.walmart.com/ip/HORMEL-COMPLEATS-Chicken-Breast-with-Gravy-Mashed-Potatoes-Shelf-Stable-10-oz-Plastic-Tray/10291016,https://i5.walmartimages.com/asr/0f6b940f-e2dc-4eab-a5a2-61ec12450fb4.a8c8e404636843fd1923fd90e9979120.jpeg?odnHeight=180&odnWidth=180&odnBg=ffffff,2.28,
"Odom's Tennessee Pride Snack Size Sausage & Buttermilk Biscuits 34.8 oz, 24 Count (Frozen)",https://www.walmart.com/ip/Odom-s-Tennessee-Pride-Snack-Size-Sausage-Buttermilk-Biscuits-34-8-oz-24-Count-Frozen/42794626?athbdg=L1600,https://i5.walmartimages.com/asr/f0d222f0-6763-43b8-be91-c1ae999cac17.fcbd1c5bf946ddb007ae3f8734d5a4e8.jpeg?odnHeight=180&odnWidth=180&odnBg=ffffff,10.94,
"Great Value Frozen Appetizers Mini Corn Dogs, 26.8 oz, 40 Count",https://www.walmart.com/ip/Great-Value-Frozen-Appetizers-Mini-Corn-Dogs-26-8-oz-40-Count/642841426,https://i5.walmartimages.com/asr/2ca7d218-fb8d-47c4-a92a-cb4c1c4e9cb0.ecb5ea94711790e3ea6f80353c4317a8.jpeg?odnHeight=180&odnWidth=180&odnBg=ffffff,6.97,
"Lunchables Ham & American Cheese Cracker Stackers Kids Lunch Meal Kit, 9.1 oz Box",https://www.walmart.com/ip/Lunchables-Ham-American-Cheese-Cracker-Stackers-Kids-Lunch-Meal-Kit-9-1-oz-Box/13908408,https://i5.walmartimages.com/asr/6067c3e3-2303-4cef-86cd-8ab0545a719a.655930bcfb63e03e0ee870d30e405596.jpeg?odnHeight=180&odnWidth=180&odnBg=ffffff,2.86,
"Fresh Petite Carrots, 12 oz Bag",https://www.walmart.com/ip/Fresh-Petite-Carrots-12-oz-Bag/43236028,https://i5.walmartimages.com/asr/3e12070f-d731-4c6a-bda8-4e47ef043025.3f7f33acdb814ceeb7f749980acf7ebf.jpeg?odnHeight=180&odnWidth=180&odnBg=ffffff,1.87,
"OREO, CHIPS AHOY!, Teddy Grahams Honey & Barnum's Animal Crackers Variety Pack, 30 Snack Packs",https://www.walmart.com/ip/OREO-CHIPS-AHOY-Teddy-Grahams-Honey-Barnum-s-Animal-Crackers-Variety-Pack-30-Snack-Packs/194543221,https://i5.walmartimages.com/asr/4b84cbaa-7b4b-4994-a473-fd42b6020fd7.ae83b4c4ea5a0b3a19df94d4a88b4c9e.jpeg?odnHeight=180&odnWidth=180&odnBg=ffffff,12.88,
"Maruchan Yakisoba Japanese Chicken Noodles, 4 oz. Ready to Cook",https://www.walmart.com/ip/Maruchan-Yakisoba-Japanese-Chicken-Noodles-4-oz-Ready-to-Cook/10450908,https://i5.walmartimages.com/asr/c0dc4844-c7f9-449b-9f07-8811a6b69504.abf98fd8adc97831a748b2c11fd1b1d4.png?odnHeight=180&odnWidth=180&odnBg=ffffff,5.93,
"Near East Roasted Garlic & Olive Oil Couscous Mix, Packaged Meal, Shelf-stable 5.8 oz Box",https://www.walmart.com/ip/Near-East-Roasted-Garlic-Olive-Oil-Couscous-Mix-Packaged-Meal-Shelf-stable-5-8-oz-Box/10313905,https://i5.walmartimages.com/asr/9900eee0-44d3-4bad-9f7f-877e8246fc84.5c44b4dc43f03a076c5eb51e1ff5efb0.jpeg?odnHeight=180&odnWidth=180&odnBg=ffffff,2.37,
"Stouffer's Meat andSauce Lasagna Large Family Size Frozen Meal, 57 oz (Frozen)",https://www.walmart.com/ip/Stouffer-s-Meat-andSauce-Lasagna-Large-Family-Size-Frozen-Meal-57-oz-Frozen/10849455,https://i5.walmartimages.com/asr/c3dff4ea-93c3-497f-9852-e9f248c09267.1506d797bf9715268f2761aaf23311fa.jpeg?odnHeight=180&odnWidth=180&odnBg=ffffff,13.48,
"Great Value Frozen Haddock Fillets, 24 Oz",https://www.walmart.com/ip/Great-Value-Frozen-Haddock-Fillets-24-Oz/175502161,https://i5.walmartimages.com/asr/f0646daf-4fdf-4fd9-b658-cae2ee09acaa.abeb1010c4377bf2437cb0d0ee931f7c.jpeg?odnHeight=180&odnWidth=180&odnBg=ffffff,9.92,
"Stouffer's Cheesy Garlic Meat Sauce Lasagna Family Size Frozen Meal, 35 oz (Frozen)",https://www.walmart.com/ip/Stouffer-s-Cheesy-Garlic-Meat-Sauce-Lasagna-Family-Size-Frozen-Meal-35-oz-Frozen/10804854,https://i5.walmartimages.com/asr/eba3db42-05d9-4a83-a39c-945d81ef241a.c248dae4dd0fc6972d55441d2f01817c.jpeg?odnHeight=180&odnWidth=180&odnBg=ffffff,9.84,
"Odom's Tennessee Pride Snack Size Sausage & Buttermilk Biscuits 19.2 oz, 12 Count (Frozen)",https://www.walmart.com/ip/Odom-s-Tennessee-Pride-Snack-Size-Sausage-Buttermilk-Biscuits-19-2-oz-12-Count-Frozen/10804449?athbdg=L1600,https://i5.walmartimages.com/asr/2619d6ff-ab8d-405f-8a7a-38833e2ba7eb.7c82c997f2f0f64155e1fab9d62b6a97.jpeg?odnHeight=180&odnWidth=180&odnBg=ffffff,6.32,
"Great Value Whole Strawberries, Frozen, 16 oz",https://www.walmart.com/ip/Great-Value-Whole-Strawberries-Frozen-16-oz/10543663?athbdg=L1600,https://i5.walmartimages.com/asr/14b5eca6-798a-43fa-91be-f365ec3fc646.f54aab8f1878d45f752a6dfec54dad12.jpeg?odnHeight=180&odnWidth=180&odnBg=ffffff,2.24,
"Great Value Southern Hash Browns, 32 oz Bag (Frozen)",https://www.walmart.com/ip/Great-Value-Southern-Hash-Browns-32-oz-Bag-Frozen/10451009,https://i5.walmartimages.com/asr/e79ea772-2b74-4d8c-a6f9-5f74d8e7e257.a45d95754d967ceb94929b6d04c883a2.jpeg?odnHeight=180&odnWidth=180&odnBg=ffffff,3.42,
Van Camp's Original Beanee Weenee Beans & Hot Dogs 7.75 oz,https://www.walmart.com/ip/Van-Camp-s-Original-Beanee-Weenee-Beans-Hot-Dogs-7-75-oz/10307935,https://i5.walmartimages.com/asr/75c546f5-91ee-4588-a13f-41efec06d829_1.504245dcc8661514323e5bf7a59d422e.jpeg?odnHeight=180&odnWidth=180&odnBg=ffffff,1.27,
"Freshness Guaranteed Cut Watermelon, 16 oz",https://www.walmart.com/ip/Freshness-Guaranteed-Cut-Watermelon-16-oz/492909841,https://i5.walmartimages.com/asr/c09a3031-4812-4558-8d72-0dd4602585f5.870b00e035cd7b020aaa05d655015d0a.jpeg?odnHeight=180&odnWidth=180&odnBg=ffffff,4.58,
"Tasty Bite All Natural Mexican Plant Based Protein Bowl, Shelf-Stable, 8.8 oz",https://www.walmart.com/ip/Tasty-Bite-All-Natural-Mexican-Plant-Based-Protein-Bowl-Shelf-Stable-8-8-oz/923261614,https://i5.walmartimages.com/asr/9ea620cd-9bc2-41bf-9d97-0a7f5ea3fc5b.d2f890427d0c44e1bd0b2cec74c008bb.png?odnHeight=180&odnWidth=180&odnBg=ffffff,3.66,
"Stouffer's Swedish Meatballs Meal, 11.5 oz (Frozen)",https://www.walmart.com/ip/Stouffer-s-Swedish-Meatballs-Meal-11-5-oz-Frozen/14140839,https://i5.walmartimages.com/asr/b31ecba6-ccf5-418f-aaf8-159528149981.c532b932c955cf7d270351151f8ed93e.jpeg?odnHeight=180&odnWidth=180&odnBg=ffffff,3.48,
"Stouffer's Three Cheese Ravioli With Meat Sauce Large Family Size Frozen Meal, 52.875 oz (Frozen)",https://www.walmart.com/ip/Stouffer-s-Three-Cheese-Ravioli-With-Meat-Sauce-Large-Family-Size-Frozen-Meal-52-875-oz-Frozen/10849459,https://i5.walmartimages.com/asr/20024585-f800-4211-88cd-87cb6f9ec48c.5c83c8ae25ce184bc9f6cb738a804718.jpeg?odnHeight=180&odnWidth=180&odnBg=ffffff,13.48,
"Birds Eye Steamfresh Frozen Mixed Vegetables, 10 oz (Frozen)",https://www.walmart.com/ip/Birds-Eye-Steamfresh-Frozen-Mixed-Vegetables-10-oz-Frozen/46879779?athbdg=L1600,https://i5.walmartimages.com/asr/75f5f1a9-385f-40fb-9b22-9f5942058153.095c5c20aff803da9d81c3b950eb361e.jpeg?odnHeight=180&odnWidth=180&odnBg=ffffff,1.23,
"Rice-A-Roni Spanish Rice, Rice & Vermicelli Mix, 6.8 oz Box",https://www.walmart.com/ip/Rice-A-Roni-Spanish-Rice-Rice-Vermicelli-Mix-6-8-oz-Box/13281205,https://i5.walmartimages.com/asr/5ee88160-8e91-416f-a99f-96a2721460ea.0c337587fb36d7dc76a6c03cb6226e8b.jpeg?odnHeight=180&odnWidth=180&odnBg=ffffff,1.28,
"Great Value Mexican-Style Lasagna, Party Size, 84 oz (Frozen)",https://www.walmart.com/ip/Great-Value-Mexican-Style-Lasagna-Party-Size-84-oz-Frozen/15077508,https://i5.walmartimages.com/asr/d968e0bf-6ea1-4a67-8475-e10ea405c830.d50e97756d17789c810d0e7e7d9b5315.jpeg?odnHeight=180&odnWidth=180&odnBg=ffffff,14.48,
"Lean Cuisine Chicken Parmesan Meal,10.875 oz (Frozen)",https://www.walmart.com/ip/Lean-Cuisine-Chicken-Parmesan-Meal-10-875-oz-Frozen/15249515,https://i5.walmartimages.com/asr/f92c4f7a-23ef-43be-ae8e-eae52fe94433.3385ffc614c3cba6b999ca490c5eeb58.jpeg?odnHeight=180&odnWidth=180&odnBg=ffffff,3.47,
"Banquet Mega Meals Salisbury Steak Frozen Meal, 16.95 oz (Frozen)",https://www.walmart.com/ip/Banquet-Mega-Meals-Salisbury-Steak-Frozen-Meal-16-95-oz-Frozen/162063541,https://i5.walmartimages.com/asr/0071a1df-a9ec-4d55-9b65-9fc3e5fda633.ffef670a91cdb06de12fb1f9cdb88a5a.jpeg?odnHeight=180&odnWidth=180&odnBg=ffffff,3.12,
"Deep Indian Kitchen Chicken Curry with Turmeric Rice, 9oz (Frozen Packaged Meals)",https://www.walmart.com/ip/Deep-Indian-Kitchen-Chicken-Curry-with-Turmeric-Rice-9oz-Frozen-Packaged-Meals/115373888,https://i5.walmartimages.com/asr/1d0c4aff-9046-4f75-84ca-d64357500636.be66a55447faf05447c645ece3787a81.jpeg?odnHeight=180&odnWidth=180&odnBg=ffffff,4.67,
"Gardein Plant-Based Vegan Meatless Chick'n Strips, 10 oz (Frozen)",https://www.walmart.com/ip/Gardein-Plant-Based-Vegan-Meatless-Chick-n-Strips-10-oz-Frozen/129819732,https://i5.walmartimages.com/asr/7f5d3b9e-d501-44a1-a537-c7237bdc07b5.80be08bd1403099aa6aa8393e998edba.jpeg?odnHeight=180&odnWidth=180&odnBg=ffffff,4.92,
"Great Value Organic Frozen Blueberries, 10 Oz",https://www.walmart.com/ip/Great-Value-Organic-Frozen-Blueberries-10-Oz/12512014,https://i5.walmartimages.com/asr/3ec56773-4306-42b0-8fd9-e2f69aeddeec.31fd92f6783f65822f197b217abd285d.jpeg?odnHeight=180&odnWidth=180&odnBg=ffffff,2.98,
"Tyson Fully Cooked Fun Chicken Nuggets, 1.81 lb Bag (Frozen)",https://www.walmart.com/ip/Tyson-Fully-Cooked-Fun-Chicken-Nuggets-1-81-lb-Bag-Frozen/14149973,https://i5.walmartimages.com/asr/c988446f-df7f-44bb-8526-3e5369fc223e.6918ca72a3bf318630fd0e300f27e9b6.jpeg?odnHeight=180&odnWidth=180&odnBg=ffffff,6.96,
"Giovanni Rana Homestyle Lasagna Five Cheese Premium Meal Kit Tray (Family Size, 40oz, Fresh)",https://www.walmart.com/ip/Giovanni-Rana-Homestyle-Lasagna-Five-Cheese-Premium-Meal-Kit-Tray-Family-Size-40oz-Fresh/900932578,https://i5.walmartimages.com/asr/4e489f5a-87ca-41a6-b635-514c37b9142b.c32b495e13a450ea640be738f0346c13.jpeg?odnHeight=180&odnWidth=180&odnBg=ffffff,13.97,
"Hormel Square Table Sliced Roasted Turkey Breast & Gravy Refrigerated Entre, 15 oz Tray",https://www.walmart.com/ip/Hormel-Square-Table-Sliced-Roasted-Turkey-Breast-Gravy-Refrigerated-Entr-e-15-oz-Tray/10291010,https://i5.walmartimages.com/asr/4771e432-1355-4282-b800-51cd45163111.f64274b2195bd7def1e8cfb31be44789.jpeg?odnHeight=180&odnWidth=180&odnBg=ffffff,8.34,
"Freshness Guaranteed Roast Beef & Cheese Sub Sandwich, 8 oz, 1 Count",https://www.walmart.com/ip/Freshness-Guaranteed-Roast-Beef-Cheese-Sub-Sandwich-8-oz-1-Count/704732035,https://i5.walmartimages.com/asr/f827c620-48f9-4471-9af2-a61adf7d2f8e.1fa7b0c2f8df570c482f7700b0019ad1.jpeg?odnHeight=180&odnWidth=180&odnBg=ffffff,3.97,
"Great Value Spaghetti with Meat Sauce, 10 oz",https://www.walmart.com/ip/Great-Value-Spaghetti-with-Meat-Sauce-10-oz/52433347,https://i5.walmartimages.com/asr/1c83c22a-ee76-4898-999b-01cbc803ec1e.295e5e4cd353911577ccebc7aa29ecb2.jpeg?odnHeight=180&odnWidth=180&odnBg=ffffff,3.24,
"Great Value Artisan Crafted White Cheddar & Black Pepper Macaroni and Cheese, 12 oz",https://www.walmart.com/ip/Great-Value-Artisan-Crafted-White-Cheddar-Black-Pepper-Macaroni-and-Cheese-12-oz/865174560,https://i5.walmartimages.com/asr/6dd82bd1-d9ac-44fb-bab3-1c09e0c317a7.19088ba12894242789983ec992bca36d.jpeg?odnHeight=180&odnWidth=180&odnBg=ffffff,2.38,
"Blake's Gluten Free Chicken Pot Pie, 8oz Box (Frozen)",https://www.walmart.com/ip/Blake-s-Gluten-Free-Chicken-Pot-Pie-8oz-Box-Frozen/47394233?athbdg=L1600,https://i5.walmartimages.com/asr/6d20a093-b275-490b-8bbe-b47e7db7e575.267404a7ef6be21ad2a0bad1a57c5c58.jpeg?odnHeight=180&odnWidth=180&odnBg=ffffff,3.88,
"Great Value Beef Shepherd's Pie, 32 ounces (Frozen Meal)",https://www.walmart.com/ip/Great-Value-Beef-Shepherd-s-Pie-32-ounces-Frozen-Meal/249767498,https://i5.walmartimages.com/asr/f06b1678-e47d-434e-a9c0-7cfd841e0804.90760d4bb1f42d32472678d2ed162040.jpeg?odnHeight=180&odnWidth=180&odnBg=ffffff,8.77,
"Checkers Rally's Famous Seasoned Fries, 28 oz (Frozen)",https://www.walmart.com/ip/Checkers-Rally-s-Famous-Seasoned-Fries-28-oz-Frozen/10824304,https://i5.walmartimages.com/asr/b825d679-5389-4b1e-b1a7-7f730d8ec722_2.bd21b2e0d45a2566b94fc68066b742fc.jpeg?odnHeight=180&odnWidth=180&odnBg=ffffff,4.74,
"Amy's Kitchen Gluten Free Non GMO Indian Mattar Paneer, 10 oz Box (Frozen Meal)",https://www.walmart.com/ip/Amy-s-Kitchen-Gluten-Free-Non-GMO-Indian-Mattar-Paneer-10-oz-Box-Frozen-Meal/10789415,https://i5.walmartimages.com/asr/16a27699-f213-49b0-ae0c-fcd593d00093.2f1824bf7eaebc401aa735b61ee8a63a.jpeg?odnHeight=180&odnWidth=180&odnBg=ffffff,5.68,
"Bumble Bee Snack on the Run! Tuna Salad Kit with Crackers, Ready to Eat with Spoon, 3.5 oz Box",https://www.walmart.com/ip/Bumble-Bee-Snack-on-the-Run-Tuna-Salad-Kit-with-Crackers-Ready-to-Eat-with-Spoon-3-5-oz-Box/47337904,https://i5.walmartimages.com/asr/2e5f6e06-fdc0-4814-8c31-ea9e06bdffa1.6f887d7a8d4fee5e660ca9bf907fcaa3.jpeg?odnHeight=180&odnWidth=180&odnBg=ffffff,5.27,
"Tyson Fully Cooked Country Fried Steak Patties, 1.28 lb Bag (Frozen)",https://www.walmart.com/ip/Tyson-Fully-Cooked-Country-Fried-Steak-Patties-1-28-lb-Bag-Frozen/19757420,https://i5.walmartimages.com/asr/40d02c5a-8c6c-4731-b231-51cabd1c6cb9.01f21f78da813d5861b28d7a0d0a0565.jpeg?odnHeight=180&odnWidth=180&odnBg=ffffff,6.96,
"ValBest Fully Cooked Chicken Nuggets - Frozen, 9g Protein per 4 Nugget Serving, 24 oz (1.5 lb) Bag",https://www.walmart.com/ip/ValBest-Fully-Cooked-Chicken-Nuggets-Frozen-9g-Protein-per-4-Nugget-Serving-24-oz-1-5-lb-Bag/1033390741,https://i5.walmartimages.com/asr/fcae52ba-f569-48dc-8068-55e4d7302f56.d3b33212f8159be390bec20b5f14ad7c.jpeg?odnHeight=180&odnWidth=180&odnBg=ffffff,3.96,
"Marketside Spinach and Spring Mix Salad Blend, 11 oz Clam Shell, Fresh",https://www.walmart.com/ip/Marketside-Spinach-and-Spring-Mix-Salad-Blend-11-oz-Clam-Shell-Fresh/342550161,https://i5.walmartimages.com/asr/068ba6e5-86a7-454f-a979-c012f72ad105.9f3e151902d4272643eed22294e66732.jpeg?odnHeight=180&odnWidth=180&odnBg=ffffff,3.98,
"Caulipower Gluten-Free All Natural Whole White Meat Chicken Breast Tenders, Frozen, 14 oz",https://www.walmart.com/ip/Caulipower-Gluten-Free-All-Natural-Whole-White-Meat-Chicken-Breast-Tenders-Frozen-14-oz/691512678,https://i5.walmartimages.com/asr/10302706-a0d6-4fb9-ae5c-87914ff335fd.64101a5cee94c1e1b0ab700a11a9c11e.jpeg?odnHeight=180&odnWidth=180&odnBg=ffffff,8.42,
"Amy's Kitchen Soy Free Cheese Ravioli with Sauce Bowl, 9.5 Oz Box (Frozen)",https://www.walmart.com/ip/Amy-s-Kitchen-Soy-Free-Cheese-Ravioli-with-Sauce-Bowl-9-5-Oz-Box-Frozen/14053228,https://i5.walmartimages.com/asr/184ad276-85d5-4dc1-b8c1-21d322f02608.ca9456117ad879ee09490eb357e3fc6e.jpeg?odnHeight=180&odnWidth=180&odnBg=ffffff,5.58,
"Hamburger Helper, Cheesy Enchilada Box",https://www.walmart.com/ip/Hamburger-Helper-Cheesy-Enchilada-Box/10311338?athbdg=L1600,https://i5.walmartimages.com/asr/267274e3-63a8-4ded-affa-efa937484728.d6934d1e0e07483892cb38c33aebcb0b.jpeg?odnHeight=180&odnWidth=180&odnBg=ffffff,1.68,
"Nabisco Crowd Favorites Cookie Variety Pack, CHIPS AHOY! Mini & OREO Mini, 30 Snack Packs",https://www.walmart.com/ip/Nabisco-Crowd-Favorites-Cookie-Variety-Pack-CHIPS-AHOY-Mini-OREO-Mini-30-Snack-Packs/131979287?athbdg=L1600,https://i5.walmartimages.com/asr/1d368562-c683-4d57-a359-6659c523fa4d.aff0ac2fd6fdcd30ef9dc061b2d3f39e.jpeg?odnHeight=180&odnWidth=180&odnBg=ffffff,12.88,
"Daiya Dairy Free Gluten Free Meatless Meat Lover's Vegan Pizza, 19.1 oz (Frozen)",https://www.walmart.com/ip/Daiya-Dairy-Free-Gluten-Free-Meatless-Meat-Lover-s-Vegan-Pizza-19-1-oz-Frozen/875388914,https://i5.walmartimages.com/asr/40a1d4e2-fbfa-4a73-a2ca-1905d393c708.b093ca093711bc26375d94fa25783ad5.jpeg?odnHeight=180&odnWidth=180&odnBg=ffffff,7.68,
"Beef Choice Angus New York Strip Steak Family Pack, 1.53 - 2.63 lb Tray",https://www.walmart.com/ip/Beef-Choice-Angus-New-York-Strip-Steak-Family-Pack-1-53-2-63-lb-Tray/667385622?athbdg=L1300,https://i5.walmartimages.com/asr/0375ddbc-10e9-4903-9a09-a319c950d930.84403c43b9974574dc58172c6ca92c84.jpeg?odnHeight=180&odnWidth=180&odnBg=ffffff,26.94,30.18
"Armour Star Chili with No Beans Canned Food, 14 oz Can",https://www.walmart.com/ip/Armour-Star-Chili-with-No-Beans-Canned-Food-14-oz-Can/50971374,https://i5.walmartimages.com/asr/1e45a4f9-0586-4380-9c46-7bf0d59a0a76.c062bd8483da63252e9dd93218dc6acf.jpeg?odnHeight=180&odnWidth=180&odnBg=ffffff,5.56,
"Nutella & GO! Hazelnut And Cocoa Spread With Breadsticks, Snack Cups, 1.8 oz Each, 4 Pack",https://www.walmart.com/ip/Nutella-GO-Hazelnut-And-Cocoa-Spread-With-Breadsticks-Snack-Cups-1-8-oz-Each-4-Pack/44883367,https://i5.walmartimages.com/asr/3f0b6df9-bceb-453f-8df4-aa540339b3b3.98adf56eed7bf45862d17a196e98f15f.jpeg?odnHeight=180&odnWidth=180&odnBg=ffffff,6.46,
"Lean Cuisine Features Sesame Chicken Meal, 9 oz (Frozen)",https://www.walmart.com/ip/Lean-Cuisine-Features-Sesame-Chicken-Meal-9-oz-Frozen/10804863,https://i5.walmartimages.com/asr/b66b4716-0b15-4559-9b17-e510c7db9a70.de89c2a849dd0b18b971420fcb69e5f2.jpeg?odnHeight=180&odnWidth=180&odnBg=ffffff,3.47,
"Fresh Lemons, 2 lb Bag",https://www.walmart.com/ip/Fresh-Lemons-2-lb-Bag/872227632,https://i5.walmartimages.com/asr/03038099-488e-4089-9289-df46ee43fe7a.55fc8dfe15cdf98e017420d5cd6b61e3.jpeg?odnHeight=180&odnWidth=180&odnBg=ffffff,3.92,
"Sonoma Flatbreads Gluten Free Pepperoni Pizza, Marinara Sauce, 11.42 oz. (Frozen)",https://www.walmart.com/ip/Sonoma-Flatbreads-Gluten-Free-Pepperoni-Pizza-Marinara-Sauce-11-42-oz-Frozen/498215771?athbdg=L1600,https://i5.walmartimages.com/asr/c3a45491-fb56-4045-9f70-6b9ba5269a80.7790fa6a026440b23e63ac08b5e7c88a.jpeg?odnHeight=180&odnWidth=180&odnBg=ffffff,6.98,
"Freschetta Gluten Free Frozen Pizza, Four Cheese Medley",https://www.walmart.com/ip/Freschetta-Gluten-Free-Frozen-Pizza-Four-Cheese-Medley/47183368,https://i5.walmartimages.com/asr/2460ec13-b4a4-4cbd-a6cc-37a1deb6bd67.0b92c50d5366a8692920367b60640286.jpeg?odnHeight=180&odnWidth=180&odnBg=ffffff,11.94,
"Knorr Pasta Sides Creamy Garlic Spiral Pasta 8 Minute Cook Time No Artificial Flavors, 4.4 oz",https://www.walmart.com/ip/Knorr-Pasta-Sides-Creamy-Garlic-Spiral-Pasta-8-Minute-Cook-Time-No-Artificial-Flavors-4-4-oz/10535886?athbdg=L1600,https://i5.walmartimages.com/asr/7c8bf78a-d585-4307-a156-2d340a11a596.678feb932f2600f0cf7fdf3e2b1153bf.jpeg?odnHeight=180&odnWidth=180&odnBg=ffffff,1.28,
"Gardein Ultimate Plant-Based Vegan Burger Patties 24 oz, 6 Count (Frozen)",https://www.walmart.com/ip/Gardein-Ultimate-Plant-Based-Vegan-Burger-Patties-24-oz-6-Count-Frozen/209637293,https://i5.walmartimages.com/asr/a288a3b4-5ad2-44be-9c35-781ada636940.15d09a50c5f4edd6df30db33a55b1763.jpeg?odnHeight=180&odnWidth=180&odnBg=ffffff,11.18,
"MorningStar Farms Buffalo Meatless Chicken Wings, 10.5 oz (Frozen)",https://www.walmart.com/ip/MorningStar-Farms-Buffalo-Meatless-Chicken-Wings-10-5-oz-Frozen/49238640,https://i5.walmartimages.com/asr/ff613f19-fbef-4a95-b715-8eaa7a71b169.fc6d61ecb68a38ea69d711b04f9e1060.jpeg?odnHeight=180&odnWidth=180&odnBg=ffffff,4.58,
"Mountain House Weekender Adventure Camping & Emergency Food Kit, 2-Day, 6 Pack, 12 Servings",https://www.walmart.com/ip/Mountain-House-Weekender-Adventure-Camping-Emergency-Food-Kit-2-Day-6-Pack-12-Servings/247865477,https://i5.walmartimages.com/asr/57b2d2ff-704c-43bd-81cc-61147c687a9b.52fa1973808412a3aede8cbc3d0213ea.png?odnHeight=180&odnWidth=180&odnBg=ffffff,44.97,
"Eggo Buttery Maple Liege-Style Waffles, 7.76 oz, 4 Count (Frozen), Regular",https://www.walmart.com/ip/Eggo-Buttery-Maple-Liege-Style-Waffles-7-76-oz-4-Count-Frozen-Regular/1726771799,https://i5.walmartimages.com/asr/812fe462-4f21-4b2a-b31a-f5c78c9f5443.8b86f21762a9cc1a03045f8f4e3d7cf3.jpeg?odnHeight=180&odnWidth=180&odnBg=ffffff,4.98,
"Bob Evans Real Cheddar Macaroni & Cheese Microwaveable Cups, 12 oz, 2 Count (Refrigerated)",https://www.walmart.com/ip/Bob-Evans-Real-Cheddar-Macaroni-Cheese-Microwaveable-Cups-12-oz-2-Count-Refrigerated/14664755,https://i5.walmartimages.com/asr/7def1cf9-3b05-40bf-b2b9-07fdda6b381a.02d06b2160041e83661118c32edc41f0.jpeg?odnHeight=180&odnWidth=180&odnBg=ffffff,4.34,
"Cheetos Mac 'N Cheese, Bold & Cheesy Flavor, Mac and Cheese, Macaroni and Cheese, 5.9 oz Box",https://www.walmart.com/ip/Cheetos-Mac-N-Cheese-Bold-Cheesy-Flavor-Mac-and-Cheese-Macaroni-and-Cheese-5-9-oz-Box/296599281?athbdg=L1300,https://i5.walmartimages.com/asr/43f673c0-c998-4066-af71-3506385c78ba.cbce416dd79acf33691c84233bef3369.jpeg?odnHeight=180&odnWidth=180&odnBg=ffffff,1.12,1.24
"Fresh Whole Shallots, 3 oz Package",https://www.walmart.com/ip/Fresh-Whole-Shallots-3-oz-Package/10313027,https://i5.walmartimages.com/asr/fd70bb20-79f9-4190-98fb-5194226e2678.ec663739e823b2a4d7a3496e28c367b8.jpeg?odnHeight=180&odnWidth=180&odnBg=ffffff,1.88,
Chef Boyardee Beefaroni Pasta 7.5 Oz. Bowl,https://www.walmart.com/ip/Chef-Boyardee-Beefaroni-Pasta-7-5-Oz-Bowl/10308558,https://i5.walmartimages.com/asr/6795b3d6-75d4-44d4-9f20-0a5ad92ee7a4.2fa0cd2ec531c10ab04fd0e7582a559d.jpeg?odnHeight=180&odnWidth=180&odnBg=ffffff,1.18,
GOYA Yellow Rice Spanish Style 7 Oz,https://www.walmart.com/ip/GOYA-Yellow-Rice-Spanish-Style-7-Oz/517515310,https://i5.walmartimages.com/asr/f2f79707-6b49-4b04-bb7e-a2224ebaf5bb.f0bc5ee5ecf718430f1f1e426125d2d5.jpeg?odnHeight=180&odnWidth=180&odnBg=ffffff,2.42,
"Velveeta Shells and Cheese Original Macaroni and Cheese Cups Easy Microwavable Big Bowl DInner, 5 oz Tray",https://www.walmart.com/ip/Velveeta-Shells-and-Cheese-Original-Macaroni-and-Cheese-Cups-Easy-Microwavable-Big-Bowl-DInner-5-oz-Tray/862105208,https://i5.walmartimages.com/asr/5de0934e-f93b-4f50-aeec-390785e133e8.db8c85492294c19919fa529c901012ae.jpeg?odnHeight=180&odnWidth=180&odnBg=ffffff,2.98,
"Annie Chun's Noodle Bowl, 8.0 Oz",https://www.walmart.com/ip/Annie-Chun-s-Noodle-Bowl-8-0-Oz/29767935,https://i5.walmartimages.com/asr/0e1f374c-1de6-41f6-8f0d-6bc264f497ad.3e588e018872002fca50873115a0f5de.jpeg?odnHeight=180&odnWidth=180&odnBg=ffffff,2.98,
"Knorr No Artificial Flavors Alfredo Broccoli Fettuccine Pasta Sides, 8 Minute Cook Time, 4.5 oz",https://www.walmart.com/ip/Knorr-No-Artificial-Flavors-Alfredo-Broccoli-Fettuccine-Pasta-Sides-8-Minute-Cook-Time-4-5-oz/10307832,https://i5.walmartimages.com/asr/cff2393b-08a7-49c1-ab86-63cc37e2e52f.1bae2ace966e6293ebeb40b72579a83e.jpeg?odnHeight=180&odnWidth=180&odnBg=ffffff,1.28,
"Veggies Made Great Double Chocolate Muffin, 12oz, 6ct Box (Frozen)",https://www.walmart.com/ip/Veggies-Made-Great-Double-Chocolate-Muffin-12oz-6ct-Box-Frozen/456434412,https://i5.walmartimages.com/asr/b29b1eae-adf1-4913-a36f-86158e03ec0b.4f41ba299c824b3002655242318724a8.jpeg?odnHeight=180&odnWidth=180&odnBg=ffffff,5.98,
"Vigo Yellow Rice, 10 oz Bag",https://www.walmart.com/ip/Vigo-Yellow-Rice-10-oz-Bag/10450084,https://i5.walmartimages.com/asr/9cd8f9a8-3f3e-4e2a-9839-f91bb08f4389.05ae1cfd93b2248985e82e3aaf2d24d8.jpeg?odnHeight=180&odnWidth=180&odnBg=ffffff,8.46,
"Kodiak Protein-Packed Buttermilk Power Flapjacks, 15.38 oz, 12 Count (Frozen)",https://www.walmart.com/ip/Kodiak-Protein-Packed-Buttermilk-Power-Flapjacks-15-38-oz-12-Count-Frozen/830711605,https://i5.walmartimages.com/asr/7591ca73-dd3c-4662-bc01-b6115dc8ad2e.54123ae685e7d62da011c8b042c5f4ad.jpeg?odnHeight=180&odnWidth=180&odnBg=ffffff,5.48,
"Ben's Original Ready Flavored Rice Pilaf, Easy Dinner Side, 8.8 Ounce Pouch",https://www.walmart.com/ip/Ben-s-Original-Ready-Flavored-Rice-Pilaf-Easy-Dinner-Side-8-8-Ounce-Pouch/118304448,https://i5.walmartimages.com/asr/501aae4c-fa61-44b7-a0b1-8e879546ca45.f1d5a3951b08c15459ba3baea146d373.jpeg?odnHeight=180&odnWidth=180&odnBg=ffffff,6.99,
"Great Value Boil in Bag White Rice, 32 oz, 6 Count",https://www.walmart.com/ip/Great-Value-Boil-in-Bag-White-Rice-32-oz-6-Count/294232911,https://i5.walmartimages.com/asr/a8620b32-4b08-4c6e-ba43-7df6a05a8b65.9deaca287f8b482022e63e986a885d4e.jpeg?odnHeight=180&odnWidth=180&odnBg=ffffff,2.98,
"Gardein Golden Plant-Based Fishless Filets Vegan, 10.1 oz (Frozen)",https://www.walmart.com/ip/Gardein-Golden-Plant-Based-Fishless-Filets-Vegan-10-1-oz-Frozen/46615899,https://i5.walmartimages.com/asr/ca6a3298-f8d2-4962-9242-da710b2acf39.cdac14f15945095637a8f8727ea3f610.jpeg?odnHeight=180&odnWidth=180&odnBg=ffffff,4.92,
"Knorr Rice Sides No Artificial Flavors Mexican Rice, Cooks in 7 Minutes, 5.4 oz",https://www.walmart.com/ip/Knorr-Rice-Sides-No-Artificial-Flavors-Mexican-Rice-Cooks-in-7-Minutes-5-4-oz/10307855,https://i5.walmartimages.com/asr/33c665f6-c8ce-442f-ab15-8f7300e99faa.b6db57d0438173826f167647fc85b60a.jpeg?odnHeight=180&odnWidth=180&odnBg=ffffff,1.28,
"Hot Pockets Frozen Snacks, Hickory Ham and Cheddar Cheese, 12 Regular Sandwiches (Frozen)",https://www.walmart.com/ip/Hot-Pockets-Frozen-Snacks-Hickory-Ham-and-Cheddar-Cheese-12-Regular-Sandwiches-Frozen/14122460,https://i5.walmartimages.com/asr/323e3d4a-727b-4f14-bc04-abdea92593dd.5434f72f88a0c17c73afb3797ed4cbde.jpeg?odnHeight=180&odnWidth=180&odnBg=ffffff,14.24,
"Fresh Personal Watermelon, Each",https://www.walmart.com/ip/Fresh-Personal-Watermelon-Each/44390986?athbdg=L1600,https://i5.walmartimages.com/asr/14487aaf-d86a-4b46-acaf-7621b90286bb.fb737768267fcdc95c33f355b730ad15.jpeg?odnHeight=180&odnWidth=180&odnBg=ffffff,4.37,
"All Natural* 93% Lean/7% Fat Lean Ground Beef, 1 lb Roll",https://www.walmart.com/ip/All-Natural-93-Lean-7-Fat-Lean-Ground-Beef-1-lb-Roll/15136792?athbdg=L1600,https://i5.walmartimages.com/asr/04b5384e-42ce-41f8-a953-d57a378b2dbf.b69efa06d8555b561e10363463dbf658.jpeg?odnHeight=180&odnWidth=180&odnBg=ffffff,6.47,
"Knorr No Artificial Flavors Four Cheese Pasta Sides, 10 Minute Cook Time, 4.1 oz",https://www.walmart.com/ip/Knorr-No-Artificial-Flavors-Four-Cheese-Pasta-Sides-10-Minute-Cook-Time-4-1-oz/21048467,https://i5.walmartimages.com/asr/e80aaf58-1e66-4d60-9e4c-c62c377d1f81.423c0b85f8ae99b75315872ce401c434.jpeg?odnHeight=180&odnWidth=180&odnBg=ffffff,1.28,
"Fresh Red Radish, Bunch",https://www.walmart.com/ip/Fresh-Red-Radish-Bunch/44391144,https://i5.walmartimages.com/asr/ea0e9022-05d6-4e6a-ad18-633471a03a0b.0c926e45ad97705e24c87ed57f663122.jpeg?odnHeight=180&odnWidth=180&odnBg=ffffff,1.37,
"Jimmy Dean Hot Sausage and Salsa Verde Breakfast Bowl, 7 oz (Frozen)",https://www.walmart.com/ip/Jimmy-Dean-Hot-Sausage-and-Salsa-Verde-Breakfast-Bowl-7-oz-Frozen/323004872,https://i5.walmartimages.com/asr/b382f02c-36be-443a-9d7d-1789b6ff127b.d9e98a26d75201b055f1a7aa54173957.jpeg?odnHeight=180&odnWidth=180&odnBg=ffffff,2.97,
"Armour LunchMakers Nachos Kit with Nerds, 2.9 oz, 1 Count",https://www.walmart.com/ip/Armour-LunchMakers-Nachos-Kit-with-Nerds-2-9-oz-1-Count/22101539?athbdg=L1600,https://i5.walmartimages.com/asr/b5155e5f-820c-4c32-ae7a-3e6005a5b5a7.6ce20eab9e2955fe3f39fce0470d12d3.jpeg?odnHeight=180&odnWidth=180&odnBg=ffffff,1.18,
"Banquet Homestyle Bakes Country Chicken Mashed Potatoes and Biscuits, Meal Kit, 30.9 oz",https://www.walmart.com/ip/Banquet-Homestyle-Bakes-Country-Chicken-Mashed-Potatoes-and-Biscuits-Meal-Kit-30-9-oz/10291716,https://i5.walmartimages.com/asr/a2c46257-e1fd-436d-a8ef-6eac6147990a.7937e2ffce54fec2fe2f44aa5c42b0e1.jpeg?odnHeight=180&odnWidth=180&odnBg=ffffff,3.98,
"Caulipower Cauliflower Thin Crust White Pizza, Frozen, 11.15 oz",https://www.walmart.com/ip/Caulipower-Cauliflower-Thin-Crust-White-Pizza-Frozen-11-15-oz/1565636219,https://i5.walmartimages.com/asr/dccbf277-5967-47ad-becf-bdcc7d270237.3667f5f30c0edabd921c11f64daeb8ad.jpeg?odnHeight=180&odnWidth=180&odnBg=ffffff,6.98,
"Jack Daniel's Tennessee Honey Boneless Pork Ribs,Fully Cooked, Ready to Heat,16oz Tray(Refrigerated)",https://www.walmart.com/ip/Jack-Daniel-s-Tennessee-Honey-Boneless-Pork-Ribs-Fully-Cooked-Ready-to-Heat-16oz-Tray-Refrigerated/47512169,https://i5.walmartimages.com/asr/f203b112-6149-43b3-b800-c00468c038f5.f11fa1b14ff97ac47ee90bc87c94647e.jpeg?odnHeight=180&odnWidth=180&odnBg=ffffff,9.27,
"Tyson Fully Cooked Chicken Nuggets, 2 lb Bag (Frozen)",https://www.walmart.com/ip/Tyson-Fully-Cooked-Chicken-Nuggets-2-lb-Bag-Frozen/16777526,https://i5.walmartimages.com/asr/30c475cc-26c3-4742-8b94-0a5dfb3c5199.4e135d7dace2d1a66812373fd04061b8.jpeg?odnHeight=180&odnWidth=180&odnBg=ffffff,6.96,
"MorningStar Farms Meal Starters Original Meatless Chicken Strips, 13.5 oz (Frozen)",https://www.walmart.com/ip/MorningStar-Farms-Meal-Starters-Original-Meatless-Chicken-Strips-13-5-oz-Frozen/50860900,https://i5.walmartimages.com/asr/275fadb4-645b-4816-a6c3-364b9a2306e0.45e0cc1f5dbbb54405f90967e81c1494.jpeg?odnHeight=180&odnWidth=180&odnBg=ffffff,5.94,
"Freshness Guaranteed Traditional Pulled Rotisserie Chicken, 16 oz (Chilled)",https://www.walmart.com/ip/Freshness-Guaranteed-Traditional-Pulled-Rotisserie-Chicken-16-oz-Chilled/906875248?athbdg=L1600,https://i5.walmartimages.com/asr/ca9cdc12-0af6-44d0-98e3-73fce6530524.1005005c9ee226e1e0347ab91cbccde5.jpeg?odnHeight=180&odnWidth=180&odnBg=ffffff,9.97,
"Lunchables Uploaded Deep Dish Pizza with Perpperoni Kids Lunch Meal Kit, 15.12 Oz Box",https://www.walmart.com/ip/Lunchables-Uploaded-Deep-Dish-Pizza-with-Perpperoni-Kids-Lunch-Meal-Kit-15-12-Oz-Box/415744640,https://i5.walmartimages.com/asr/5df01af7-b5bd-48be-90e8-e6ff6fd0162c.cf301fe6edd378ff657799f76095255b.jpeg?odnHeight=180&odnWidth=180&odnBg=ffffff,4.24,
"Great Value Buffalo Style Boneless Chicken Wyngz, 15g Protein, 4 oz Serving, 2.5 lb (Frozen)",https://www.walmart.com/ip/Great-Value-Buffalo-Style-Boneless-Chicken-Wyngz-15g-Protein-4-oz-Serving-2-5-lb-Frozen/301389495,https://i5.walmartimages.com/asr/2168c822-0f0f-48b4-97e4-763a4408af16.d8e26e6dac7ef1150af0ad181f617340.jpeg?odnHeight=180&odnWidth=180&odnBg=ffffff,8.93,10.96
"PERDUE Refrigerated Breaded Chicken Breast Nugget Pieces, 12 oz. Tray",https://www.walmart.com/ip/PERDUE-Refrigerated-Breaded-Chicken-Breast-Nugget-Pieces-12-oz-Tray/10533822,https://i5.walmartimages.com/asr/e6ab81fd-2aee-4248-8863-7a5cd6aa125c.4f429905faa49514be3b5db802bb3706.jpeg?odnHeight=180&odnWidth=180&odnBg=ffffff,3.86,4.46
"Tyson Tender & Juicy Fresh Pork Spareribs, 4.18 - 6.0 lb",https://www.walmart.com/ip/Tyson-Tender-Juicy-Fresh-Pork-Spareribs-4-18-6-0-lb/21501684,https://i5.walmartimages.com/asr/86edbebb-bfca-40a9-99ba-b02249327c5e.714c19d012bcf5294b76d887346acbd0.jpeg?odnHeight=180&odnWidth=180&odnBg=ffffff,11.7,11.82
"Great Value Beef Burgers, 80% Lean/20% Fat, 3 lbs, 12 Count (Frozen)",https://www.walmart.com/ip/Great-Value-Beef-Burgers-80-Lean-20-Fat-3-lbs-12-Count-Frozen/10315960,https://i5.walmartimages.com/asr/dc145bb1-2d18-4aa2-b18d-3eb595a82011_4.1f7202065508ac87ee1f8022968bf1dc.jpeg?odnHeight=180&odnWidth=180&odnBg=ffffff,12.97,
